{
  "w_A": 0.2634660438729789,
  "w_E": 0.25448868129099295,
  "w_I": 0.24551131870900703,
  "w_C": 0.2365339561270211
}